297635569041801217,a.oi,a.oi,æ„›ç”Ÿ | Aoi,ãŠå…„ã¡ã‚ƒã‚“â™¡,ef81e9c2b73b4a91a04047758d3a63df.png,
214705183010193408,stormfather98,Stormfather,shini,he/him,67ee8af171a2d806dcb58fe358425574.png,
732607156129497160,winnerwind,WinnerWind,WinnerWind,he/him (use anything really),ae49fb19c151ecbf4b80f41f2f90b2c3.png,
238362474578051072,kittyposter,Pew Pew You're Dead,æ„›å¯†é›†,meow meow meow meow meow meow meow meow,34e415ae94824c9419710106fa8413e5.png,
197148954587168768,jfloww,jfloww,ã‚¸ã‚§ãƒŠ (ä¸­ç´šãƒ¬ãƒ™ãƒ«),,db832ee046c7475040933536a5285e66.png,
236479128289673218,_danx,DanX,DanX,Add your pronouns.,31dfe68eabc8b050498e5f2a75964b43.png,
238330093678755840,nyaruhodo_,bocchi,bocchi,,221ba6ab3778d6eec40a6c39479537dd.png,
289842661630672896,coda1,Coda,ã‚³ãƒ€(correct me),,eecd4dd6502845daaa661f5eb6898002.png,
546655889415864330,throbbingdiscocat,throbbing disco cat,throbbing disco cat,,f6e28f5a0f77f80926f91e1908d6aa29.png,
191837210209812480,mimiya,mimiya,mimiya,,8c3f7e5901af0050932612da6d6dbdd1.png,
590438821968216064,toastdsandvich,Toastd,Toastd [Fr*nch Arc],he/him,dc61a2f825d5f4e46b0f49da8707c6dd.png,
333972981632204801,novelle_,Novelle,ğ’©ğ‘œğ“‹ğ‘’ğ“ğ“ğ‘’ãƒ»å»¶ ï¾‰ï¾Œï¾,she/her | -5 UTC,cec15a21ea24cfee4ec08f3ed2117836.png,
185051004763504640,oaxith,oaxith,October 31st,He/She/They (Any),e648b9ac9543508457d012576d3b0169.png,
208546518846799883,aphodes,Pkr,Pkr (åœ’å®ˆ)ã€€ä¸‰æ—¥é–“ã®å¹¸ç¦ï¼šï¼‘ï¼ï¼ï¼…,,13bbe356a26e4571be4479aa2702d223.png,a_ec25d73df4422a373f7ae0ffb1be110b.gif
221167310986149888,zeup.langton,zoop,Ysbyty Ystwyth [muted arc],,10e7428bd87dc1bc973aac493d43e911.png,
175990649361793024,ayamisensei,å¦‚æœˆã‚ã‚„ã¿ã€€Kisaragi Ayami,ã‚¢ã‚¤ãƒ‰ãƒ«ã€ãƒ‰ãƒ«ã‚’æ„›ã™ã€ˆ1/16ã€1/19ã‚¹ãƒ†ãƒ¼ã‚¸å‡ºæ¼”äºˆå®šã€‰,,47fd17e818144b81fb9179bc261e83eb.png,fc7b4dd0c65f1531d69520a1e9a271e7.png
741715365477744650,steamedbread,Steamedbread,é£Ÿã¹ãã‚Œãªã„é£Ÿãƒ‘ãƒ³,First Person/Second Person/Third Person,913772d891c30a10cda4795504eeb109.png,
603081340581314560,victorian1209,Victorian,æ¸…ï¼ˆãã‚ˆã—ï¼‰,He/They,0c5dd8591d4586396da4d37c8fd046a3.png,
161243841129611264,xetrint,Xetrint,Xetrintï¼ˆã‚¼ãƒˆãƒªãƒ³ãƒˆï¼‰,,d45577835f0f9cd49fb01258aceab9d8.png,
609410502539608064,moshikoi,indigo,Indigoãƒ»è—ç”Ÿ,,3b5722dcf21b254d1401121de172fede.png,
107202830846148608,skyz,Skyz,Skyz,,74bed3eff784e3f6fd4cdd9b5a9a44c7.png,
317491770114048000,tofumars,TofuMars,TofuMars,,04e9efc78d7b7aa2e173537dcb8d51c7.png,
441283734214279178,elnudev,Elnu,Elnuï¼ˆã‚¨ãƒ«ãƒŒï¼‰[tegakituesday.com],he/they/åƒ•,a_c1035def9c562565286e8b658e3fa5a5.gif,
637638917214175232,sakkaku#5513,sakkaku,ğŸ…Sakkakuãƒ»éŒ¯è¦šğŸ¤¶ğŸ”° ğŸ‘½ğŸ®ğŸœğŸŒ± 0/12,,76a86202a20edb9891b77a3cdb1cbc09.png,
290290430074159114,simplyleaf,simply leaf,ã‚·ãƒ³ãƒ—ãƒªã•ã‚“ | æ—¥æœ¬èªåˆå¿ƒè€…,He/him,273f6e6ad14a1919c1ea12e554aa9d1e.png,
742521478062407742,madzie,Madzie,Green Madzie (CV: é‡˜å®® ç†æµ),She/Her,b20ca10857a3c5a13bdd6c4c24d37592.png,
688465754516881622,anko_dtm,anko,i can't lift my other armğŸŠ,he/him,3b398de246d7dbf0596776ddfe748873.png,
473013785884622848,ayumminu,ayumminu,ayumminu,doggo,6c9c33071e047d109d3fa0de4bc881e7.png,
307678885942657046,chronathan,chron,chron (ã‚¯ãƒ­ãƒ³),,8ca2a474419fe9f00b0593f453713472.png,